Drug_Name,Year, Prescriptions , Patients , Prescription_Fill_Total_Cost , Prescription_Fill_Out_of_Pocket_Cost ,,,,,,,,,,,,
Atorvastatin,2022," 109,582,746 "," 27,935,702 ",,,,,,,,,,,,,,
Atorvastatin,2021," 116,702,335 "," 28,111,470 ",,,,,,,,,,,,,,
Atorvastatin,2020," 114,509,814 "," 26,640,141 ",,,,,,,,,,,,,,
Atorvastatin,2019," 112,104,359 "," 24,493,971 ",,,,,,,,,,,,,,
Atorvastatin,2018," 112,633,414 "," 23,393,083 ",,,,,,,,,,,,,,
Atorvastatin,2017," 104,774,006 "," 21,267,392 ",,,,,,,,,,,,,,
Atorvastatin,2016," 96,942,508 "," 19,324,848 ",,,,,,,,,,,,,,
Atorvastatin,2015," 93,854,430 "," 18,048,928 ",,,,,,,,,,,,,,
Atorvastatin,2014," 74,227,208 "," 14,845,377 ",,,,,,,,,,,,,,
Atorvastatin,2013," 65,174,783 "," 13,077,835 ",,,,,,,,,,,,,,
Metformin,2022," 86,747,907 "," 19,536,027 ",,,,,,,,,,,,,,
Metformin,2021," 91,151,043 "," 19,883,763 ",,,,,,,,,,,,,,
Metformin,2020," 92,591,486 "," 20,122,987 ",,,,,,,,,,,,,,
Metformin,2019," 85,739,443 "," 17,430,765 ",,,,,,,,,,,,,,
Metformin,2018," 83,776,345 "," 16,872,458 ",,,,,,,,,,,,,,
Metformin,2017," 78,602,870 "," 15,876,254 ",,,,,,,,,,,,,,
Metformin,2016," 81,305,415 "," 15,918,094 ",,,,,,,,,,,,,,
Metformin,2015," 83,901,899 "," 15,914,944 ",,,,,,,,,,,,,,
Metformin,2014," 86,125,658 "," 15,527,883 ",,,,,,,,,,,,,,
Metformin,2013," 77,245,209 "," 13,580,367 ",,,,,,,,,,,,,,
Lisinopril,2022," 82,513,967 "," 20,314,304 ",,,,,,,,,,,,,,
Lisinopril,2021," 88,272,557 "," 20,475,892 ",,,,,,,,,,,,,,
Lisinopril,2020," 88,597,017 "," 19,816,361 ",,,,,,,,,,,,,,
Lisinopril,2019," 91,862,708 "," 19,990,170 ",,,,,,,,,,,,,,
Lisinopril,2018," 97,608,879 "," 19,941,170 ",,,,,,,,,,,,,,
Lisinopril,2017," 104,779,318 "," 20,012,066 ",,,,,,,,,,,,,,
Lisinopril,2016," 110,124,417 "," 21,118,955 ",,,,,,,,,,,,,,
Lisinopril,2015," 112,003,281 "," 20,539,445 ",,,,,,,,,,,,,,
Lisinopril,2014," 115,508,573 "," 20,212,211 ",,,,,,,,,,,,,,
Lisinopril,2013," 104,868,249 "," 19,339,900 ",,,,,,,,,,,,,,
Levothyroxine,2022," 82,431,914 "," 18,130,331 ",,,,,,,,,,,,,,
Levothyroxine,2021," 89,309,050 "," 19,064,382 ",,,,,,,,,,,,,,
Levothyroxine,2020," 98,970,640 "," 20,225,373 ",,,,,,,,,,,,,,
Levothyroxine,2019," 102,595,103 "," 19,698,087 ",,,,,,,,,,,,,,
Levothyroxine,2018," 105,773,990 "," 19,448,097 ",,,,,,,,,,,,,,
Levothyroxine,2017," 101,932,430 "," 18,522,563 ",,,,,,,,,,,,,,
Levothyroxine,2016," 114,344,324 "," 18,998,168 ",,,,,,,,,,,,,,
Levothyroxine,2015," 112,866,004 "," 18,783,651 ",,,,,,,,,,,,,,
Levothyroxine,2014," 99,954,546 "," 16,989,651 ",,,,,,,,,,,,,,
Levothyroxine,2013," 97,814,678 "," 16,491,244 ",,,,,,,,,,,,,,
Amlodipine,2022," 70,766,211 "," 17,789,649 ",,,,,,,,,,,,,,
Amlodipine,2021," 73,569,606 "," 17,734,288 ",,,,,,,,,,,,,,
Amlodipine,2020," 69,786,684 "," 16,799,810 ",,,,,,,,,,,,,,
Amlodipine,2019," 73,542,114 "," 16,419,181 ",,,,,,,,,,,,,,
Amlodipine,2018," 75,902,784 "," 15,858,849 ",,,,,,,,,,,,,,
Amlodipine,2017," 72,508,878 "," 14,624,367 ",,,,,,,,,,,,,,
Amlodipine,2016," 75,201,622 "," 14,177,857 ",,,,,,,,,,,,,,
Amlodipine,2015," 70,986,227 "," 13,717,742 ",,,,,,,,,,,,,,
Amlodipine,2014," 63,722,510 "," 11,986,299 ",,,,,,,,,,,,,,
Amlodipine,2013," 62,816,160 "," 11,513,217 ",,,,,,,,,,,,,,
Metoprolol,2022," 65,245,216 "," 15,542,999 ",,,,,,,,,,,,,,
Albuterol,2021," 61,469,064 "," 18,070,429 ",,,,,,,,,,,,,,
Albuterol,2020," 61,948,347 "," 17,902,020 ",,,,,,,,,,,,,,
Albuterol,2019," 60,679,987 "," 19,085,418 ",,,,,,,,,,,,,,
Albuterol,2018," 60,526,457 "," 19,211,178 ",,,,,,,,,,,,,,
Albuterol,2017," 50,286,686 "," 16,599,932 ",,,,,,,,,,,,,,
Albuterol,2016," 47,109,711 "," 15,169,742 ",,,,,,,,,,,,,,
Albuterol,2015," 49,747,147 "," 15,579,282 ",,,,,,,,,,,,,,
Albuterol,2014," 48,189,599 "," 15,419,433 ",,,,,,,,,,,,,,
Albuterol,2013," 46,332,130 "," 14,674,247 ",,,,,,,,,,,,,,
Losartan,2022," 53,555,510 "," 13,150,031 ",,,,,,,,,,,,,,
Omeprazole,2021," 54,561,969 "," 13,900,115 ",,,,,,,,,,,,,,
Omeprazole,2020," 56,300,064 "," 13,879,629 ",,,,,,,,,,,,,,
Omeprazole,2019," 52,546,641 "," 12,869,290 ",,,,,,,,,,,,,,
Omeprazole,2018," 58,384,320 "," 13,420,487 ",,,,,,,,,,,,,,
Omeprazole,2017," 58,837,874 "," 12,965,406 ",,,,,,,,,,,,,,
Omeprazole,2016," 70,626,980 "," 14,161,009 ",,,,,,,,,,,,,,
Omeprazole,2015," 71,728,530 "," 14,723,328 ",,,,,,,,,,,,,,
Omeprazole,2014," 71,850,961 "," 13,881,471 ",,,,,,,,,,,,,,
Omeprazole,2013," 67,642,688 "," 13,210,834 ",,,,,,,,,,,,,,
Gabapentin,2022," 40,141,486 "," 9,889,546 ",,,,,,,,,,,,,,
Gabapentin,2021," 47,125,973 "," 10,697,239 ",,,,,,,,,,,,,,
Gabapentin,2020," 49,961,066 "," 10,571,700 ",,,,,,,,,,,,,,
Gabapentin,2019," 47,149,505 "," 9,818,634 ",,,,,,,,,,,,,,
Gabapentin,2018," 45,586,654 "," 9,289,873 ",,,,,,,,,,,,,,
Gabapentin,2017," 46,043,168 "," 9,040,223 ",,,,,,,,,,,,,,
Gabapentin,2016," 44,154,514 "," 8,721,755 ",,,,,,,,,,,,,,
Gabapentin,2015," 43,316,474 "," 8,300,809 ",,,,,,,,,,,,,,
Gabapentin,2014," 39,361,473 "," 7,596,001 ",,,,,,,,,,,,,,
Gabapentin,2013," 35,264,270 "," 6,966,594 ",,,,,,,,,,,,,,
Sertraline,2022," 39,891,990 "," 8,422,729 ",,,,,,,,,,,,,,
Sertraline,2021," 39,206,397 "," 8,478,900 ",,,,,,,,,,,,,,
Sertraline,2020," 38,219,814 "," 7,768,366 ",,,,,,,,,,,,,,
Sertraline,2019," 37,157,933 "," 7,723,122 ",,,,,,,,,,,,,,
Sertraline,2018," 38,383,042 "," 7,529,389 ",,,,,,,,,,,,,,
Sertraline,2017," 38,296,630 "," 7,061,873 ",,,,,,,,,,,,,,
Sertraline,2016," 37,105,238 "," 7,008,048 ",,,,,,,,,,,,,,
Sertraline,2015," 38,894,933 "," 7,084,085 ",,,,,,,,,,,,,,
Sertraline,2014," 37,723,879 "," 6,680,944 ",,,,,,,,,,,,,,
Sertraline,2013," 35,885,370 "," 6,235,144 ",,,,,,,,,,,,,,
Hydrochlorothiazide,2022," 38,153,288 "," 9,758,721 ",,,,,,,,,,,,,,
Hydrochlorothiazide,2021," 39,038,822 "," 9,665,980 ",,,,,,,,,,,,,,
Hydrochlorothiazide,2020," 41,476,098 "," 10,031,904 ",,,,,,,,,,,,,,
Hydrochlorothiazide,2019," 38,609,803 "," 9,358,879 ",,,,,,,,,,,,,,
Hydrochlorothiazide,2018," 40,575,075 "," 8,869,933 ",,,,,,,,,,,,,,
Hydrochlorothiazide,2017," 42,037,081 "," 8,767,947 ",,,,,,,,,,,,,,
Hydrochlorothiazide,2016," 43,472,270 "," 8,721,363 ",,,,,,,,,,,,,,
Hydrochlorothiazide,2015," 47,899,739 "," 9,468,393 ",,,,,,,,,,,,,,
Hydrochlorothiazide,2014," 50,428,398 "," 9,887,223 ",,,,,,,,,,,,,,
Hydrochlorothiazide,2013," 49,854,894 "," 10,064,252 ",,,,,,,,,,,,,,
Rosuvastatin,2022," 37,095,971 "," 9,721,324 ",,,,,,,,,,,,,,
Rosuvastatin,2021," 32,632,145 "," 8,006,428 ",,,,,,,,,,,,,,
Rosuvastatin,2020," 29,750,488 "," 7,393,686 ",,,,,,,,,,,,,,
Rosuvastatin,2019," 27,041,319 "," 6,129,254 ",,,,,,,,,,,,,,
Rosuvastatin,2018," 24,138,061 "," 5,257,942 ",,,,,,,,,,,,,,
Rosuvastatin,2017," 19,628,896 "," 4,316,494 ",,,,,,,,,,,,,,
Rosuvastatin,2016," 19,917,442 "," 4,081,955 ",,,,,,,,,,,,,,
Rosuvastatin,2015," 22,722,580 "," 4,382,294 ",,,,,,,,,,,,,,
Rosuvastatin,2014," 24,760,853 "," 4,341,816 ",,,,,,,,,,,,,,
Rosuvastatin,2013," 23,388,215 "," 4,397,156 ",,,,,,,,,,,,,,
Dextroamphetamine; Dextroamphetamine Saccharate; Amphetamine; Amphetamine Aspartate,2022," 34,690,297 "," 4,652,545 ",,,,,,,,,,,,,,
Dextroamphetamine; Dextroamphetamine Saccharate; Amphetamine; Amphetamine Aspartate,2021," 30,371,088 "," 3,990,803 ",,,,,,,,,,,,,,
Dextroamphetamine; Dextroamphetamine Saccharate; Amphetamine; Amphetamine Aspartate,2020," 26,080,151 "," 3,633,541 ",,,,,,,,,,,,,,
Dextroamphetamine; Dextroamphetamine Saccharate; Amphetamine; Amphetamine Aspartate,2019," 24,600,698 "," 3,576,687 ",,,,,,,,,,,,,,
Dextroamphetamine; Dextroamphetamine Saccharate; Amphetamine; Amphetamine Aspartate,2018," 25,331,775 "," 3,705,324 ",,,,,,,,,,,,,,
Dextroamphetamine; Dextroamphetamine Saccharate; Amphetamine; Amphetamine Aspartate,2017," 24,155,783 "," 3,307,834 ",,,,,,,,,,,,,,
Dextroamphetamine; Dextroamphetamine Saccharate; Amphetamine; Amphetamine Aspartate,2016," 17,363,796 "," 2,740,575 ",,,,,,,,,,,,,,
Dextroamphetamine; Dextroamphetamine Saccharate; Amphetamine; Amphetamine Aspartate,2015," 5,372,356 "," 872,731 ",,,,,,,,,,,,,,
Dextroamphetamine; Dextroamphetamine Saccharate; Amphetamine; Amphetamine Aspartate,2014," 2,813,326 "," 592,700 ",,,,,,,,,,,,,,
Dextroamphetamine; Dextroamphetamine Saccharate; Amphetamine; Amphetamine Aspartate,2013," 3,169,383 "," 563,289 ",,,,,,,,,,,,,,
Escitalopram,2022," 30,750,612 "," 7,493,104 ",,,,,,,,,,,,,,
Escitalopram,2021," 30,505,719 "," 6,499,379 ",,,,,,,,,,,,,,
Escitalopram,2020," 30,605,646 "," 6,342,599 ",,,,,,,,,,,,,,
Escitalopram,2019," 27,510,958 "," 6,016,820 ",,,,,,,,,,,,,,
Escitalopram,2018," 25,978,773 "," 5,544,406 ",,,,,,,,,,,,,,
Escitalopram,2017," 25,960,468 "," 4,936,929 ",,,,,,,,,,,,,,
Escitalopram,2016," 25,240,490 "," 4,664,108 ",,,,,,,,,,,,,,
Escitalopram,2015," 24,068,904 "," 4,255,221 ",,,,,,,,,,,,,,
Escitalopram,2014," 19,639,202 "," 3,533,893 ",,,,,,,,,,,,,,
Escitalopram,2013," 16,966,884 "," 3,070,169 ",,,,,,,,,,,,,,
Pantoprazole,2022," 30,670,528 "," 7,979,792 ",,,,,,,,,,,,,,
Pantoprazole,2021," 27,347,488 "," 7,310,342 ",,,,,,,,,,,,,,
Pantoprazole,2020," 26,604,040 "," 6,814,036 ",,,,,,,,,,,,,,
Pantoprazole,2019," 28,880,217 "," 6,777,996 ",,,,,,,,,,,,,,
Pantoprazole,2018," 29,047,796 "," 6,541,003 ",,,,,,,,,,,,,,
Pantoprazole,2017," 27,081,977 "," 6,039,765 ",,,,,,,,,,,,,,
Pantoprazole,2016," 25,270,699 "," 5,610,675 ",,,,,,,,,,,,,,
Pantoprazole,2015," 24,723,892 "," 5,027,653 ",,,,,,,,,,,,,,
Pantoprazole,2014," 22,942,486 "," 4,810,185 ",,,,,,,,,,,,,,
Pantoprazole,2013," 18,429,676 "," 3,671,457 ",,,,,,,,,,,,,,
Montelukast,2022," 29,187,952 "," 6,825,788 ",,,,,,,,,,,,,,
Montelukast,2021," 30,996,712 "," 7,119,519 ",,,,,,,,,,,,,,
Montelukast,2020," 31,984,479 "," 7,227,021 ",,,,,,,,,,,,,,
Montelukast,2019," 32,154,358 "," 7,429,725 ",,,,,,,,,,,,,,
Montelukast,2018," 35,256,041 "," 7,017,347 ",,,,,,,,,,,,,,
Montelukast,2017," 31,953,728 "," 6,564,356 ",,,,,,,,,,,,,,
Montelukast,2016," 25,326,687 "," 5,939,265 ",,,,,,,,,,,,,,
Montelukast,2015," 24,496,294 "," 5,054,345 ",,,,,,,,,,,,,,
Montelukast,2014," 25,670,394 "," 5,806,804 ",,,,,,,,,,,,,,
Montelukast,2013," 25,670,058 "," 5,125,348 ",,,,,,,,,,,,,,
Trazodone,2022," 27,363,318 "," 5,759,352 ",,,,,,,,,,,,,,
Trazodone,2021," 26,310,083 "," 5,322,910 ",,,,,,,,,,,,,,
Trazodone,2020," 26,210,731 "," 5,294,364 ",,,,,,,,,,,,,,
Trazodone,2019," 23,934,213 "," 5,066,449 ",,,,,,,,,,,,,,
Trazodone,2018," 23,893,771 "," 4,681,286 ",,,,,,,,,,,,,,
Trazodone,2017," 22,311,417 "," 4,695,513 ",,,,,,,,,,,,,,
Trazodone,2016," 25,300,258 "," 4,843,314 ",,,,,,,,,,,,,,
Trazodone,2015," 27,564,196 "," 5,067,496 ",,,,,,,,,,,,,,
Trazodone,2014," 25,521,675 "," 4,644,510 ",,,,,,,,,,,,,,
Trazodone,2013," 23,174,484 "," 4,169,577 ",,,,,,,,,,,,,,
Simvastatin,2022," 26,459,069 "," 6,986,630 ",,,,,,,,,,,,,,
Simvastatin,2021," 30,492,289 "," 7,839,909 ",,,,,,,,,,,,,,
Simvastatin,2020," 36,600,871 "," 8,557,525 ",,,,,,,,,,,,,,
Simvastatin,2019," 36,812,966 "," 8,543,612 ",,,,,,,,,,,,,,
Simvastatin,2018," 48,030,491 "," 10,407,988 ",,,,,,,,,,,,,,
Simvastatin,2017," 56,708,617 "," 11,476,441 ",,,,,,,,,,,,,,
Simvastatin,2016," 65,144,488 "," 13,157,238 ",,,,,,,,,,,,,,
Simvastatin,2015," 74,251,611 "," 14,377,842 ",,,,,,,,,,,,,,
Simvastatin,2014," 81,518,801 "," 15,980,581 ",,,,,,,,,,,,,,
Simvastatin,2013," 91,715,621 "," 16,543,079 ",,,,,,,,,,,,,,
Tamsulosin,2022," 25,306,357 "," 6,758,617 ",,,,,,,,,,,,,,
Tamsulosin,2021," 23,540,060 "," 6,474,672 ",,,,,,,,,,,,,,
Tamsulosin,2020," 24,692,402 "," 5,856,108 ",,,,,,,,,,,,,,
Tamsulosin,2019," 21,934,065 "," 5,309,654 ",,,,,,,,,,,,,,
Tamsulosin,2018," 23,254,004 "," 5,943,933 ",,,,,,,,,,,,,,
Tamsulosin,2017," 20,313,916 "," 4,778,124 ",,,,,,,,,,,,,,
Tamsulosin,2016," 22,533,461 "," 4,997,405 ",,,,,,,,,,,,,,
Tamsulosin,2015," 19,713,737 "," 4,468,866 ",,,,,,,,,,,,,,
Tamsulosin,2014," 16,180,283 "," 3,857,033 ",,,,,,,,,,,,,,
Tamsulosin,2013," 16,636,914 "," 3,573,783 ",,,,,,,,,,,,,,
Bupropion,2022," 25,197,923 "," 6,111,736 ",,,,,,,,,,,,,,
Bupropion,2021," 29,099,445 "," 6,412,363 ",,,,,,,,,,,,,,
Bupropion,2020," 28,889,368 "," 5,801,282 ",,,,,,,,,,,,,,
Bupropion,2019," 25,722,873 "," 5,520,278 ",,,,,,,,,,,,,,
Bupropion,2018," 24,488,843 "," 5,046,780 ",,,,,,,,,,,,,,
Bupropion,2017," 24,903,971 "," 4,834,834 ",,,,,,,,,,,,,,
Bupropion,2016," 23,811,613 "," 4,244,113 ",,,,,,,,,,,,,,
Bupropion,2015," 26,198,463 "," 4,823,796 ",,,,,,,,,,,,,,
Bupropion,2014," 25,051,660 "," 4,675,195 ",,,,,,,,,,,,,,
Bupropion,2013," 22,887,827 "," 4,283,549 ",,,,,,,,,,,,,,
Fluoxetine,2022," 24,014,263 "," 5,174,534 ",,,,,,,,,,,,,,
Fluoxetine,2021," 22,686,838 "," 4,764,311 ",,,,,,,,,,,,,,
Fluoxetine,2020," 23,403,050 "," 4,717,183 ",,,,,,,,,,,,,,
Fluoxetine,2019," 27,110,302 "," 5,143,421 ",,,,,,,,,,,,,,
Fluoxetine,2018," 25,619,277 "," 4,752,127 ",,,,,,,,,,,,,,
Fluoxetine,2017," 21,913,275 "," 4,272,429 ",,,,,,,,,,,,,,
Fluoxetine,2016," 23,729,286 "," 4,412,198 ",,,,,,,,,,,,,,
Fluoxetine,2015," 28,311,454 "," 4,819,230 ",,,,,,,,,,,,,,
Fluoxetine,2014," 23,867,188 "," 4,377,384 ",,,,,,,,,,,,,,
Fluoxetine,2013," 23,602,619 "," 4,261,449 ",,,,,,,,,,,,,,
Acetaminophen; Hydrocodone,2022," 23,521,228 "," 7,972,417 ",,,,,,,,,,,,,,
Acetaminophen; Hydrocodone,2021," 26,599,439 "," 8,616,204 ",,,,,,,,,,,,,,
Acetaminophen; Hydrocodone,2020," 30,100,356 "," 8,587,152 ",,,,,,,,,,,,,,
Acetaminophen; Hydrocodone,2019," 30,355,778 "," 10,409,764 ",,,,,,,,,,,,,,
Acetaminophen; Hydrocodone,2018," 42,073,176 "," 12,268,763 ",,,,,,,,,,,,,,
Acetaminophen; Hydrocodone,2017," 40,123,144 "," 12,008,386 ",,,,,,,,,,,,,,
Acetaminophen; Hydrocodone,2016," 43,109,574 "," 13,981,228 ",,,,,,,,,,,,,,
Acetaminophen; Hydrocodone,2015," 51,279,737 "," 17,197,929 ",,,,,,,,,,,,,,
Acetaminophen; Hydrocodone,2014," 68,756,036 "," 22,680,630 ",,,,,,,,,,,,,,
Acetaminophen; Hydrocodone,2013," 58,483,370 "," 19,957,098 ",,,,,,,,,,,,,,
Furosemide,2022," 23,067,424 "," 5,845,466 ",,,,,,,,,,,,,,
Furosemide,2021," 26,376,404 "," 6,473,988 ",,,,,,,,,,,,,,
Furosemide,2020," 26,786,296 "," 6,405,654 ",,,,,,,,,,,,,,
Furosemide,2019," 28,352,226 "," 6,640,042 ",,,,,,,,,,,,,,
Furosemide,2018," 29,826,088 "," 6,324,186 ",,,,,,,,,,,,,,
Furosemide,2017," 30,482,988 "," 5,915,553 ",,,,,,,,,,,,,,
Furosemide,2016," 32,692,726 "," 5,874,280 ",,,,,,,,,,,,,,
Furosemide,2015," 35,455,536 "," 7,168,492 ",,,,,,,,,,,,,,
Furosemide,2014," 37,086,211 "," 7,057,262 ",,,,,,,,,,,,,,
Furosemide,2013," 36,808,447 "," 7,048,953 ",,,,,,,,,,,,,,
Fluticasone,2022," 22,557,458 "," 7,453,010 ",,,,,,,,,,,,,,
Fluticasone,2021," 25,283,015 "," 7,859,173 ",,,,,,,,,,,,,,
Fluticasone,2020," 24,777,490 "," 7,805,740 ",,,,,,,,,,,,,,
Fluticasone,2019," 27,893,102 "," 9,564,147 ",,,,,,,,,,,,,,
Fluticasone,2018," 27,798,694 "," 9,228,197 ",,,,,,,,,,,,,,
Fluticasone,2017," 26,893,755 "," 9,518,848 ",,,,,,,,,,,,,,
Fluticasone,2016," 27,626,769 "," 9,191,041 ",,,,,,,,,,,,,,
Fluticasone,2015," 26,484,229 "," 9,060,412 ",,,,,,,,,,,,,,
Fluticasone,2014," 30,573,156 "," 10,268,000 ",,,,,,,,,,,,,,
Fluticasone,2013," 25,495,021 "," 8,985,539 ",,,,,,,,,,,,,,
Amoxicillin,2022," 20,465,164 "," 15,998,871 ",,,,,,,,,,,,,,
Amoxicillin,2021," 16,657,138 "," 13,130,571 ",,,,,,,,,,,,,,
Amoxicillin,2020," 15,922,907 "," 12,780,652 ",,,,,,,,,,,,,,
Amoxicillin,2019," 25,702,634 "," 20,368,921 ",,,,,,,,,,,,,,
Amoxicillin,2018," 30,773,100 "," 21,230,680 ",,,,,,,,,,,,,,
Amoxicillin,2017," 27,913,807 "," 19,461,708 ",,,,,,,,,,,,,,
Amoxicillin,2016," 28,117,284 "," 21,024,473 ",,,,,,,,,,,,,,
Amoxicillin,2015," 28,757,614 "," 21,512,862 ",,,,,,,,,,,,,,
Amoxicillin,2014," 27,585,663 "," 20,965,985 ",,,,,,,,,,,,,,
Amoxicillin,2013," 26,150,263 "," 20,070,686 ",,,,,,,,,,,,,,
Apixaban,2022," 19,420,949 "," 4,494,660 ",,,,,,,,,,,,,,
Apixaban,2021," 17,933,195 "," 4,021,147 ",,,,,,,,,,,,,,
Apixaban,2020," 13,918,650 "," 3,305,979 ",,,,,,,,,,,,,,
Apixaban,2019," 14,042,889 "," 3,037,557 ",,,,,,,,,,,,,,
Apixaban,2018," 12,113,153 "," 2,560,506 ",,,,,,,,,,,,,,
Apixaban,2017," 8,662,640 "," 1,653,990 ",,,,,,,,,,,,,,
Apixaban,2016," 5,833,149 "," 1,079,418 ",,,,,,,,,,,,,,
Apixaban,2015," 3,344,741 "," 821,405 ",,,,,,,,,,,,,,
Apixaban,2014," 1,291,432 "," 282,698 ",,,,,,,,,,,,,,
Apixaban,2013, -   , -   ,,,,,,,,,,,,,,
Insulin Glargine,2022," 18,983,905 "," 3,808,867 ",,,,,,,,,,,,,,
Insulin Glargine,2021," 19,873,255 "," 3,901,230 ",,,,,,,,,,,,,,
Insulin Glargine,2020," 17,973,209 "," 3,662,505 ",,,,,,,,,,,,,,
Insulin Glargine,2019," 19,211,653 "," 3,708,654 ",,,,,,,,,,,,,,
Insulin Glargine,2018," 25,542,161 "," 4,438,878 ",,,,,,,,,,,,,,
Insulin Glargine,2017," 20,739,393 "," 3,526,914 ",,,,,,,,,,,,,,
Insulin Glargine,2016," 26,201,314 "," 4,623,755 ",,,,,,,,,,,,,,
Insulin Glargine,2015," 22,223,562 "," 3,420,496 ",,,,,,,,,,,,,,
Insulin Glargine,2014," 20,384,788 "," 3,594,336 ",,,,,,,,,,,,,,
Insulin Glargine,2013," 19,049,030 "," 3,099,784 ",,,,,,,,,,,,,,
Meloxicam,2022," 18,859,721 "," 6,284,853 ",,,,,,,,,,,,,,
Meloxicam,2021," 18,226,904 "," 5,819,321 ",,,,,,,,,,,,,,
Meloxicam,2020," 19,808,581 "," 6,057,630 ",,,,,,,,,,,,,,
Meloxicam,2019," 21,459,849 "," 6,484,210 ",,,,,,,,,,,,,,
Meloxicam,2018," 22,610,690 "," 6,340,662 ",,,,,,,,,,,,,,
Meloxicam,2017," 19,793,506 "," 5,706,077 ",,,,,,,,,,,,,,
Meloxicam,2016," 21,290,692 "," 5,858,488 ",,,,,,,,,,,,,,
Meloxicam,2015," 22,292,807 "," 6,042,075 ",,,,,,,,,,,,,,
Meloxicam,2014," 21,630,829 "," 5,610,376 ",,,,,,,,,,,,,,
Meloxicam,2013," 16,678,131 "," 4,990,712 ",,,,,,,,,,,,,,
Prednisone,2022," 18,201,857 "," 8,722,579 ",,,,,,,,,,,,,,
Prednisone,2021," 19,898,457 "," 8,660,906 ",,,,,,,,,,,,,,
Prednisone,2020," 19,044,926 "," 9,203,354 ",,,,,,,,,,,,,,
Prednisone,2019," 22,889,929 "," 10,999,246 ",,,,,,,,,,,,,,
Prednisone,2018," 27,057,494 "," 11,300,598 ",,,,,,,,,,,,,,
Prednisone,2017," 25,028,445 "," 10,751,011 ",,,,,,,,,,,,,,
Prednisone,2016," 23,242,849 "," 10,837,787 ",,,,,,,,,,,,,,
Prednisone,2015," 22,864,052 "," 10,858,348 ",,,,,,,,,,,,,,
Prednisone,2014," 24,212,143 "," 10,767,289 ",,,,,,,,,,,,,,
Prednisone,2013," 24,048,836 "," 9,467,529 ",,,,,,,,,,,,,,
Duloxetine,2022," 18,066,468 "," 4,042,916 ",,,,,,,,,,,,,,
Duloxetine,2021," 20,012,841 "," 4,444,533 ",,,,,,,,,,,,,,
Duloxetine,2020," 22,546,920 "," 4,461,604 ",,,,,,,,,,,,,,
Duloxetine,2019," 23,821,965 "," 4,296,613 ",,,,,,,,,,,,,,
Duloxetine,2018," 21,217,653 "," 3,946,472 ",,,,,,,,,,,,,,
Duloxetine,2017," 16,471,666 "," 3,256,633 ",,,,,,,,,,,,,,
Duloxetine,2016," 15,377,184 "," 2,830,005 ",,,,,,,,,,,,,,
Duloxetine,2015," 17,890,815 "," 2,804,666 ",,,,,,,,,,,,,,
Duloxetine,2014," 15,035,299 "," 2,569,369 ",,,,,,,,,,,,,,
Duloxetine,2013," 15,393,654 "," 2,713,243 ",,,,,,,,,,,,,,
Methylphenidate,2022," 17,705,265 "," 2,586,485 ",,,,,,,,,,,,,,
Methylphenidate,2021," 15,282,088 "," 2,440,779 ",,,,,,,,,,,,,,
Methylphenidate,2020," 15,449,350 "," 2,441,634 ",,,,,,,,,,,,,,
Methylphenidate,2019," 14,233,405 "," 2,173,470 ",,,,,,,,,,,,,,
Methylphenidate,2018," 17,467,265 "," 2,569,210 ",,,,,,,,,,,,,,
Methylphenidate,2017," 16,450,268 "," 2,513,348 ",,,,,,,,,,,,,,
Methylphenidate,2016," 15,599,244 "," 2,394,875 ",,,,,,,,,,,,,,
Methylphenidate,2015," 14,521,828 "," 2,146,616 ",,,,,,,,,,,,,,
Methylphenidate,2014," 15,505,256 "," 2,414,313 ",,,,,,,,,,,,,,
Methylphenidate,2013," 13,477,265 "," 1,944,292 ",,,,,,,,,,,,,,
Ibuprofen,2022," 17,493,911 "," 9,340,903 ",,,,,,,,,,,,,,
Ibuprofen,2021," 17,043,550 "," 8,701,817 ",,,,,,,,,,,,,,
Ibuprofen,2020," 16,533,209 "," 8,896,328 ",,,,,,,,,,,,,,
Ibuprofen,2019," 21,746,702 "," 10,951,995 ",,,,,,,,,,,,,,
Ibuprofen,2018," 24,766,899 "," 11,690,662 ",,,,,,,,,,,,,,
Ibuprofen,2017," 24,114,215 "," 10,836,367 ",,,,,,,,,,,,,,
Ibuprofen,2016," 21,329,751 "," 11,217,107 ",,,,,,,,,,,,,,
Ibuprofen,2015," 22,999,618 "," 11,942,802 ",,,,,,,,,,,,,,
Ibuprofen,2014," 24,050,333 "," 11,896,189 ",,,,,,,,,,,,,,
Ibuprofen,2013," 22,994,416 "," 11,273,354 ",,,,,,,,,,,,,,
Carvedilol,2022," 17,067,595 "," 4,472,118 ",,,,,,,,,,,,,,
Carvedilol,2021," 21,782,177 "," 5,039,099 ",,,,,,,,,,,,,,
Carvedilol,2020," 23,159,628 "," 4,948,170 ",,,,,,,,,,,,,,
Carvedilol,2019," 20,602,256 "," 4,553,133 ",,,,,,,,,,,,,,
Carvedilol,2018," 22,737,638 "," 4,403,579 ",,,,,,,,,,,,,,
Carvedilol,2017," 22,974,069 "," 4,265,142 ",,,,,,,,,,,,,,
Carvedilol,2016," 23,338,866 "," 4,209,203 ",,,,,,,,,,,,,,
Carvedilol,2015," 25,388,562 "," 4,407,320 ",,,,,,,,,,,,,,
Carvedilol,2014," 24,317,622 "," 4,229,596 ",,,,,,,,,,,,,,
Carvedilol,2013," 21,816,538 "," 3,862,708 ",,,,,,,,,,,,,,
Potassium Chloride,2022," 16,993,841 "," 4,513,952 ",,,,,,,,,,,,,,
Potassium Chloride,2021," 18,543,551 "," 4,479,822 ",,,,,,,,,,,,,,
Potassium Chloride,2020," 17,811,732 "," 4,637,643 ",,,,,,,,,,,,,,
Potassium Chloride,2019," 20,001,670 "," 4,589,222 ",,,,,,,,,,,,,,
Potassium Chloride,2018," 19,613,681 "," 4,383,791 ",,,,,,,,,,,,,,
Potassium Chloride,2017," 19,821,825 "," 4,187,691 ",,,,,,,,,,,,,,
Potassium Chloride,2016," 22,253,695 "," 4,511,554 ",,,,,,,,,,,,,,
Potassium Chloride,2015," 25,145,952 "," 5,131,292 ",,,,,,,,,,,,,,
Potassium Chloride,2014," 28,365,609 "," 5,226,818 ",,,,,,,,,,,,,,
Potassium Chloride,2013," 26,147,782 "," 5,027,091 ",,,,,,,,,,,,,,
Aspirin,2022," 16,981,811 "," 5,095,974 ",,,,,,,,,,,,,,
Aspirin,2021," 17,686,612 "," 5,286,487 ",,,,,,,,,,,,,,
Aspirin,2020," 17,287,372 "," 4,741,732 ",,,,,,,,,,,,,,
Aspirin,2019," 18,143,138 "," 4,646,616 ",,,,,,,,,,,,,,
Aspirin,2018," 19,785,395 "," 5,011,492 ",,,,,,,,,,,,,,
Aspirin,2017," 17,299,288 "," 4,368,208 ",,,,,,,,,,,,,,
Aspirin,2016," 19,753,190 "," 4,779,050 ",,,,,,,,,,,,,,
Aspirin,2015," 21,495,578 "," 5,256,163 ",,,,,,,,,,,,,,
Aspirin,2014," 18,251,902 "," 4,383,975 ",,,,,,,,,,,,,,
Aspirin,2013," 17,798,187 "," 4,067,718 ",,,,,,,,,,,,,,
Pravastatin,2022," 16,317,126 "," 3,949,800 ",,,,,,,,,,,,,,
Pravastatin,2021," 15,936,065 "," 3,917,270 ",,,,,,,,,,,,,,
Pravastatin,2020," 17,549,151 "," 4,132,511 ",,,,,,,,,,,,,,
Pravastatin,2019," 20,683,277 "," 4,875,694 ",,,,,,,,,,,,,,
Pravastatin,2018," 24,109,089 "," 5,430,161 ",,,,,,,,,,,,,,
Pravastatin,2017," 24,812,698 "," 5,351,690 ",,,,,,,,,,,,,,
Pravastatin,2016," 24,666,149 "," 5,039,687 ",,,,,,,,,,,,,,
Pravastatin,2015," 29,349,783 "," 5,883,085 ",,,,,,,,,,,,,,
Pravastatin,2014," 29,717,750 "," 6,029,012 ",,,,,,,,,,,,,,
Pravastatin,2013," 32,960,150 "," 6,706,969 ",,,,,,,,,,,,,,
Ergocalciferol,2022," 15,914,322 "," 4,987,258 ",,,,,,,,,,,,,,
Ergocalciferol,2021," 17,179,725 "," 5,191,630 ",,,,,,,,,,,,,,
Ergocalciferol,2020," 14,670,983 "," 4,448,964 ",,,,,,,,,,,,,,
Ergocalciferol,2019," 13,273,652 "," 4,124,239 ",,,,,,,,,,,,,,
Ergocalciferol,2018," 12,674,504 "," 3,749,221 ",,,,,,,,,,,,,,
Ergocalciferol,2017," 14,578,147 "," 3,848,509 ",,,,,,,,,,,,,,
Ergocalciferol,2016," 14,608,444 "," 3,734,982 ",,,,,,,,,,,,,,
Ergocalciferol,2015," 13,296,226 "," 3,660,857 ",,,,,,,,,,,,,,
Ergocalciferol,2014," 10,750,465 "," 3,331,075 ",,,,,,,,,,,,,,
Ergocalciferol,2013," 13,397,130 "," 3,275,568 ",,,,,,,,,,,,,,
Allopurinol,2022," 15,235,132 "," 3,867,218 ",,,,,,,,,,,,,,
Allopurinol,2021," 15,706,780 "," 3,768,723 ",,,,,,,,,,,,,,
Allopurinol,2020," 15,303,283 "," 3,606,249 ",,,,,,,,,,,,,,
Allopurinol,2019," 15,900,788 "," 3,637,367 ",,,,,,,,,,,,,,
Allopurinol,2018," 16,374,431 "," 3,374,614 ",,,,,,,,,,,,,,
Allopurinol,2017," 14,835,618 "," 2,975,824 ",,,,,,,,,,,,,,
Allopurinol,2016," 15,227,146 "," 3,246,663 ",,,,,,,,,,,,,,
Allopurinol,2015," 15,165,006 "," 2,919,460 ",,,,,,,,,,,,,,
Allopurinol,2014," 13,733,704 "," 2,840,747 ",,,,,,,,,,,,,,
Allopurinol,2013," 17,022,734 "," 3,334,720 ",,,,,,,,,,,,,,
Citalopram,2022," 15,047,663 "," 3,540,540 ",,,,,,,,,,,,,,
Citalopram,2021," 18,444,405 "," 4,126,597 ",,,,,,,,,,,,,,
Citalopram,2020," 18,549,176 "," 3,683,842 ",,,,,,,,,,,,,,
Citalopram,2019," 21,546,700 "," 4,050,776 ",,,,,,,,,,,,,,
Citalopram,2018," 22,224,263 "," 4,267,101 ",,,,,,,,,,,,,,
Citalopram,2017," 24,434,272 "," 4,296,484 ",,,,,,,,,,,,,,
Citalopram,2016," 26,387,590 "," 4,583,326 ",,,,,,,,,,,,,,
Citalopram,2015," 28,069,030 "," 5,297,953 ",,,,,,,,,,,,,,
Citalopram,2014," 29,737,921 "," 5,533,105 ",,,,,,,,,,,,,,
Citalopram,2013," 30,175,614 "," 5,406,529 ",,,,,,,,,,,,,,
Alprazolam,2022," 14,988,526 "," 3,336,114 ",,,,,,,,,,,,,,
Alprazolam,2021," 15,380,320 "," 3,325,555 ",,,,,,,,,,,,,,
Alprazolam,2020," 16,780,805 "," 3,632,458 ",,,,,,,,,,,,,,
Alprazolam,2019," 17,533,262 "," 3,925,013 ",,,,,,,,,,,,,,
Alprazolam,2018," 20,859,430 "," 4,208,452 ",,,,,,,,,,,,,,
Alprazolam,2017," 25,516,329 "," 5,113,280 ",,,,,,,,,,,,,,
Alprazolam,2016," 27,030,725 "," 5,462,132 ",,,,,,,,,,,,,,
Alprazolam,2015," 27,051,071 "," 5,029,359 ",,,,,,,,,,,,,,
Alprazolam,2014," 28,897,888 "," 5,538,885 ",,,,,,,,,,,,,,
Alprazolam,2013," 25,882,288 "," 5,255,646 ",,,,,,,,,,,,,,
Glipizide,2022," 14,521,604 "," 3,697,042 ",,,,,,,,,,,,,,
Glipizide,2021," 13,998,178 "," 3,402,458 ",,,,,,,,,,,,,,
Glipizide,2020," 13,674,142 "," 3,383,057 ",,,,,,,,,,,,,,
Glipizide,2019," 13,424,610 "," 2,939,354 ",,,,,,,,,,,,,,
Glipizide,2018," 17,549,602 "," 3,506,779 ",,,,,,,,,,,,,,
Glipizide,2017," 16,619,798 "," 3,548,359 ",,,,,,,,,,,,,,
Glipizide,2016," 17,884,980 "," 3,832,375 ",,,,,,,,,,,,,,
Glipizide,2015," 20,833,427 "," 4,056,179 ",,,,,,,,,,,,,,
Glipizide,2014," 20,680,980 "," 3,787,093 ",,,,,,,,,,,,,,
Glipizide,2013," 18,908,461 "," 3,433,347 ",,,,,,,,,,,,,,
Cetirizine,2022," 13,899,342 "," 4,436,602 ",,,,,,,,,,,,,,
Cetirizine,2021," 13,929,421 "," 4,000,093 ",,,,,,,,,,,,,,
Cetirizine,2020," 13,125,543 "," 3,357,330 ",,,,,,,,,,,,,,
Cetirizine,2019," 11,110,560 "," 3,439,020 ",,,,,,,,,,,,,,
Cetirizine,2018," 13,799,351 "," 3,840,211 ",,,,,,,,,,,,,,
Cetirizine,2017," 11,818,750 "," 3,454,395 ",,,,,,,,,,,,,,
Cetirizine,2016," 10,307,139 "," 3,036,437 ",,,,,,,,,,,,,,
Cetirizine,2015," 11,836,437 "," 3,382,042 ",,,,,,,,,,,,,,
Cetirizine,2014," 12,369,433 "," 3,255,059 ",,,,,,,,,,,,,,
Cetirizine,2013," 8,332,266 "," 2,316,134 ",,,,,,,,,,,,,,
Venlafaxine,2022," 13,881,022 "," 2,844,672 ",,,,,,,,,,,,,,
Venlafaxine,2021," 15,122,966 "," 3,008,776 ",,,,,,,,,,,,,,
Venlafaxine,2020," 15,022,423 "," 2,863,619 ",,,,,,,,,,,,,,
Venlafaxine,2019," 17,713,653 "," 3,035,802 ",,,,,,,,,,,,,,
Venlafaxine,2018," 16,121,149 "," 2,870,792 ",,,,,,,,,,,,,,
Venlafaxine,2017," 16,080,521 "," 2,793,342 ",,,,,,,,,,,,,,
Venlafaxine,2016," 15,283,793 "," 2,747,460 ",,,,,,,,,,,,,,
Venlafaxine,2015," 17,109,915 "," 2,901,304 ",,,,,,,,,,,,,,
Venlafaxine,2014," 17,385,388 "," 3,081,506 ",,,,,,,,,,,,,,
Venlafaxine,2013," 15,780,453 "," 2,657,529 ",,,,,,,,,,,,,,
Cyclobenzaprine,2022," 13,724,245 "," 5,016,775 ",,,,,,,,,,,,,,
Cyclobenzaprine,2021," 14,426,039 "," 5,107,046 ",,,,,,,,,,,,,,
Cyclobenzaprine,2020," 16,151,696 "," 5,129,829 ",,,,,,,,,,,,,,
Cyclobenzaprine,2019," 15,597,385 "," 5,379,870 ",,,,,,,,,,,,,,
Cyclobenzaprine,2018," 18,041,836 "," 6,033,831 ",,,,,,,,,,,,,,
Cyclobenzaprine,2017," 17,148,429 "," 5,978,057 ",,,,,,,,,,,,,,
Cyclobenzaprine,2016," 16,170,425 "," 6,008,722 ",,,,,,,,,,,,,,
Cyclobenzaprine,2015," 20,206,825 "," 6,949,936 ",,,,,,,,,,,,,,
Cyclobenzaprine,2014," 20,610,429 "," 7,727,525 ",,,,,,,,,,,,,,
Cyclobenzaprine,2013," 18,664,351 "," 6,388,568 ",,,,,,,,,,,,,,
Hydroxyzine,2022," 13,652,751 "," 3,675,422 ",,,,,,,,,,,,,,
Hydroxyzine,2021," 11,643,508 "," 3,392,983 ",,,,,,,,,,,,,,
Hydroxyzine,2020," 10,058,837 "," 2,967,009 ",,,,,,,,,,,,,,
Hydroxyzine,2019," 9,898,263 "," 2,977,526 ",,,,,,,,,,,,,,
Hydroxyzine,2018," 10,431,206 "," 2,769,471 ",,,,,,,,,,,,,,
Hydroxyzine,2017," 7,944,928 "," 2,292,130 ",,,,,,,,,,,,,,
Hydroxyzine,2016," 8,082,370 "," 2,334,305 ",,,,,,,,,,,,,,
Hydroxyzine,2015," 8,297,684 "," 2,497,562 ",,,,,,,,,,,,,,
Hydroxyzine,2014," 7,812,728 "," 2,417,718 ",,,,,,,,,,,,,,
Hydroxyzine,2013," 6,856,103 "," 2,147,555 ",,,,,,,,,,,,,,
Clopidogrel,2022," 13,568,821 "," 3,767,583 ",,,,,,,,,,,,,,
Clopidogrel,2021," 16,723,608 "," 4,187,295 ",,,,,,,,,,,,,,
Clopidogrel,2020," 19,377,527 "," 4,340,688 ",,,,,,,,,,,,,,
Clopidogrel,2019," 19,447,746 "," 4,256,662 ",,,,,,,,,,,,,,
Clopidogrel,2018," 20,016,095 "," 4,467,091 ",,,,,,,,,,,,,,
Clopidogrel,2017," 19,389,806 "," 3,825,141 ",,,,,,,,,,,,,,
Clopidogrel,2016," 21,398,662 "," 4,207,230 ",,,,,,,,,,,,,,
Clopidogrel,2015," 21,312,667 "," 3,983,938 ",,,,,,,,,,,,,,
Clopidogrel,2014," 23,271,222 "," 4,111,170 ",,,,,,,,,,,,,,
Clopidogrel,2013," 24,887,893 "," 4,332,686 ",,,,,,,,,,,,,,
Semaglutide,2022," 13,523,981 "," 3,281,179 ",,,,,,,,,,,,,,
Semaglutide,2021," 8,153,559 "," 1,959,322 ",,,,,,,,,,,,,,
Semaglutide,2020," 4,827,483 "," 1,126,514 ",,,,,,,,,,,,,,
Semaglutide,2019," 2,021,060 "," 610,492 ",,,,,,,,,,,,,,
Semaglutide,2018," 445,540 "," 208,749 ",,,,,,,,,,,,,,
Semaglutide,2017, -   , -   ,,,,,,,,,,,,,,
Semaglutide,2016, -   , -   ,,,,,,,,,,,,,,
Semaglutide,2015, -   , -   ,,,,,,,,,,,,,,
Semaglutide,2014, -   , -   ,,,,,,,,,,,,,,
Semaglutide,2013, -   , -   ,,,,,,,,,,,,,,
Famotidine,2022," 13,156,330 "," 4,182,077 ",,,,,,,,,,,,,,
Famotidine,2021," 11,668,047 "," 3,867,415 ",,,,,,,,,,,,,,
Famotidine,2020," 10,441,964 "," 3,383,683 ",,,,,,,,,,,,,,
Famotidine,2019," 6,355,768 "," 2,287,703 ",,,,,,,,,,,,,,
Famotidine,2018," 6,470,718 "," 1,739,478 ",,,,,,,,,,,,,,
Famotidine,2017," 6,412,032 "," 1,760,352 ",,,,,,,,,,,,,,
Famotidine,2016," 5,702,253 "," 1,493,363 ",,,,,,,,,,,,,,
Famotidine,2015," 5,753,397 "," 1,365,637 ",,,,,,,,,,,,,,
Famotidine,2014," 6,091,332 "," 1,578,550 ",,,,,,,,,,,,,,
Famotidine,2013," 4,794,361 "," 1,356,302 ",,,,,,,,,,,,,,
Estradiol,2022," 12,622,775 "," 3,300,902 ",,,,,,,,,,,,,,
Estradiol,2021," 11,382,723 "," 2,864,047 ",,,,,,,,,,,,,,
Estradiol,2020," 11,307,655 "," 3,131,982 ",,,,,,,,,,,,,,
Estradiol,2019," 12,393,425 "," 2,860,475 ",,,,,,,,,,,,,,
Estradiol,2018," 13,583,025 "," 3,131,795 ",,,,,,,,,,,,,,
Estradiol,2017," 12,358,564 "," 2,854,696 ",,,,,,,,,,,,,,
Estradiol,2016," 13,361,413 "," 3,177,005 ",,,,,,,,,,,,,,
Estradiol,2015," 14,278,513 "," 3,270,299 ",,,,,,,,,,,,,,
Estradiol,2014," 13,220,499 "," 3,142,820 ",,,,,,,,,,,,,,
Estradiol,2013," 14,094,799 "," 3,091,075 ",,,,,,,,,,,,,,
Diclofenac,2022," 12,480,262 "," 4,259,892 ",,,,,,,,,,,,,,
Diclofenac,2021," 11,037,695 "," 4,112,922 ",,,,,,,,,,,,,,
Diclofenac,2020," 9,926,749 "," 3,647,127 ",,,,,,,,,,,,,,
Diclofenac,2019," 10,115,975 "," 4,025,423 ",,,,,,,,,,,,,,
Diclofenac,2018," 10,023,570 "," 3,509,000 ",,,,,,,,,,,,,,
Diclofenac,2017," 7,289,929 "," 2,742,866 ",,,,,,,,,,,,,,
Diclofenac,2016," 9,431,206 "," 3,329,149 ",,,,,,,,,,,,,,
Diclofenac,2015," 9,574,332 "," 3,432,897 ",,,,,,,,,,,,,,
Diclofenac,2014," 9,162,791 "," 3,293,010 ",,,,,,,,,,,,,,
Diclofenac,2013," 10,551,256 "," 3,413,994 ",,,,,,,,,,,,,,
Spironolactone,2022," 12,450,600 "," 3,229,839 ",,,,,,,,,,,,,,
Spironolactone,2021," 12,688,242 "," 3,146,100 ",,,,,,,,,,,,,,
Spironolactone,2020," 13,354,566 "," 3,131,156 ",,,,,,,,,,,,,,
Spironolactone,2019," 11,432,027 "," 2,985,578 ",,,,,,,,,,,,,,
Spironolactone,2018," 12,260,624 "," 2,610,298 ",,,,,,,,,,,,,,
Spironolactone,2017," 11,641,507 "," 2,513,398 ",,,,,,,,,,,,,,
Spironolactone,2016," 11,991,114 "," 2,386,223 ",,,,,,,,,,,,,,
Spironolactone,2015," 12,848,135 "," 2,485,158 ",,,,,,,,,,,,,,
Spironolactone,2014," 10,225,679 "," 2,385,365 ",,,,,,,,,,,,,,
Spironolactone,2013," 9,974,018 "," 2,008,872 ",,,,,,,,,,,,,,
